Size,Vectorized Time (ms),Parallelized Time (ms)
8,0.0028683005191714695,0.005042367596429824
16,0.008458885225952006,0.008400585950673964
32,0.03201767273441593,0.01889207961
64,0.11486118584476983,0.050560957889438804
128,0.3556658509058509,0.2814357523457492
256,1.321340658466819,0.9693252799287939
512,5.320177492204899,1.784510433
1024,19.47386254,6.413105654054053
2048,77.12620290322582,33.80093166666666
4096,306.35319100000004,126.18042068000001
8192,1229.877487,383.46604900000006
